입장,응답6,응답7
손님,상품품질,무응답
손님,상품품질,무응답
손님,상품품질,헬로키티
손님,상품품질,엘사공주
손님,상품품질,엘사공주
손님,상품품질,헬로키티
손님,상품품질,엘사공주
손님,상품품질,엘사공주
손님,상품품질,헬로키티
손님,상품품질,무응답
손님,상품품질,헬로키티
손님,상품품질,무응답
손님,상품품질,엘사공주
손님,상품품질,무응답
손님,상품품질,헬로키티
손님,상품품질,헬로키티
손님,상품품질,엘사공주
손님,상품품질,엘사공주
점주,상품품질,엘사공주
점주,상품품질,엘사공주
점주,상품품질,엘사공주
점주,상품품질,엘사공주
점주,상품품질,엘사공주
점주,상품품질,엘사공주
점주,상품품질,엘사공주
점주,상품품질,엘사공주
점주,상품품질,엘사공주
점주,상품품질,엘사공주
점주,상품품질,엘사공주
점주,상품품질,엘사공주
점주,상품품질,엘사공주
점주,상품품질,엘사공주
점주,상품품질,엘사공주
점주,상품품질,엘사공주
점주,상품품질,엘사공주
점주,상품품질,엘사공주
점주,상품품질,엘사공주
점주,상품품질,엘사공주
점주,상품품질,엘사공주
점주,상품품질,엘사공주
점주,상품품질,엘사공주
점주,상품품질,엘사공주
점주,상품품질,엘사공주
점주,상품품질,엘사공주
점주,상품품질,엘사공주
점주,상품품질,엘사공주
점주,상품품질,엘사공주
점주,상품품질,엘사공주
점주,상품품질,엘사공주
점주,상품품질,엘사공주
점주,상품품질,엘사공주
점주,상품품질,엘사공주
점주,상품품질,엘사공주
점주,상품품질,엘사공주
점주,상품품질,엘사공주
점주,상품품질,엘사공주
점주,상품품질,엘사공주
점주,상품품질,엘사공주
점주,상품품질,엘사공주
점주,상품품질,엘사공주
손님,세일,헬로키티
손님,세일,무응답
손님,세일,엘사공주
손님,세일,헬로키티
손님,세일,무응답
손님,세일,헬로키티
손님,세일,엘사공주
손님,세일,헬로키티
손님,세일,엘사공주
손님,세일,엘사공주
손님,세일,헬로키티
손님,세일,헬로키티
손님,세일,헬로키티
손님,세일,무응답
손님,세일,엘사공주
손님,세일,엘사공주
손님,세일,엘사공주
손님,세일,엘사공주
손님,세일,엘사공주
손님,세일,무응답
손님,세일,무응답
손님,세일,엘사공주
손님,세일,엘사공주
손님,세일,헬로키티
손님,세일,헬로키티
손님,세일,엘사공주
손님,세일,헬로키티
손님,세일,무응답
손님,세일,헬로키티
손님,세일,엘사공주
손님,세일,헬로키티
손님,세일,헬로키티
손님,세일,무응답
손님,세일,무응답
손님,세일,헬로키티
손님,세일,무응답
손님,세일,헬로키티
손님,세일,엘사공주
손님,세일,엘사공주
점주,세일,엘사공주
점주,세일,엘사공주
점주,세일,엘사공주
점주,세일,엘사공주
점주,세일,엘사공주
점주,세일,엘사공주
점주,세일,엘사공주
점주,세일,엘사공주
점주,세일,엘사공주
점주,세일,엘사공주
점주,세일,엘사공주
손님,서비스,헬로키티
손님,서비스,무응답
손님,서비스,엘사공주
손님,서비스,무응답
손님,서비스,헬로키티
손님,서비스,헬로키티
손님,서비스,엘사공주
손님,서비스,엘사공주
손님,서비스,헬로키티
손님,서비스,무응답
손님,서비스,무응답
손님,서비스,무응답
손님,서비스,엘사공주
손님,서비스,엘사공주
손님,서비스,헬로키티
손님,서비스,엘사공주
손님,서비스,헬로키티
손님,서비스,무응답
손님,서비스,엘사공주
손님,서비스,헬로키티
손님,서비스,무응답
손님,서비스,헬로키티
손님,서비스,엘사공주
손님,서비스,무응답
손님,서비스,헬로키티
손님,서비스,헬로키티
손님,서비스,엘사공주
손님,서비스,엘사공주
손님,서비스,무응답
손님,서비스,무응답
손님,서비스,헬로키티
손님,서비스,엘사공주
손님,서비스,엘사공주
손님,서비스,엘사공주
손님,서비스,헬로키티
점주,서비스,엘사공주
점주,서비스,엘사공주
점주,서비스,엘사공주
점주,서비스,엘사공주
점주,서비스,엘사공주
점주,서비스,엘사공주
점주,서비스,엘사공주
점주,서비스,엘사공주
점주,서비스,엘사공주
손님,이벤트,헬로키티
손님,이벤트,헬로키티
손님,이벤트,무응답
손님,이벤트,헬로키티
손님,이벤트,무응답
손님,이벤트,헬로키티
손님,이벤트,헬로키티
손님,이벤트,무응답
손님,이벤트,엘사공주
손님,이벤트,헬로키티
손님,이벤트,무응답
점주,이벤트,엘사공주
점주,이벤트,엘사공주
점주,이벤트,엘사공주
점주,이벤트,엘사공주
점주,이벤트,엘사공주
점주,이벤트,엘사공주
점주,이벤트,엘사공주
점주,이벤트,엘사공주
점주,이벤트,엘사공주
점주,이벤트,엘사공주
점주,이벤트,엘사공주
점주,이벤트,엘사공주
점주,이벤트,엘사공주
점주,이벤트,엘사공주
점주,이벤트,엘사공주
점주,이벤트,엘사공주
점주,이벤트,엘사공주
점주,이벤트,엘사공주
점주,이벤트,엘사공주
점주,이벤트,엘사공주
점주,이벤트,엘사공주
점주,이벤트,엘사공주
점주,이벤트,엘사공주
점주,이벤트,엘사공주
점주,이벤트,엘사공주
점주,이벤트,엘사공주
점주,이벤트,엘사공주
점주,이벤트,엘사공주
점주,이벤트,엘사공주
점주,이벤트,엘사공주
점주,이벤트,엘사공주
점주,이벤트,엘사공주
점주,이벤트,엘사공주
점주,이벤트,엘사공주
점주,이벤트,엘사공주
점주,이벤트,헬로키티
점주,이벤트,헬로키티
점주,이벤트,헬로키티
